R,G,B
253,73,146
196,218,65
185,113,86
109,172,126
137,78,49
148,215,96
159,209,138
158,202,13
183,183,34
211,131,64
4,255,17
18,73,76
195,249,107
224,31,171
106,83,86
102,17,156
218,71,202
92,129,83
139,173,234
135,18,75
40,108,64
113,132,132
132,97,115
94,84,183
15,17,101
106,17,34
196,228,52
104,105,28
214,66,64
153,253,202
24,204,190
85,52,46
184,78,153
75,29,184
150,190,213
4,18,178
29,158,4
152,227,176
216,32,151
242,56,252
206,172,89
225,165,110
86,108,171
112,175,68
249,141,48
237,192,25
74,246,232
195,232,126
246,126,151
193,162,77
98,239,161
215,26,32
93,187,169
163,67,247
132,113,176
173,44,194
238,241,173
251,54,108
161,175,205
79,70,157
78,103,83
74,23,229
99,206,34
57,40,231
19,208,116
169,163,20
170,108,22
243,230,205
58,116,5
220,125,185
56,2,233
240,146,132
209,45,164
0,37,80
155,253,70
174,41,198
187,166,111
22,145,133
59,49,190
124,90,91
217,86,86
220,171,45
222,173,222
151,218,183
25,16,117
231,14,158
142,226,121
39,10,34
154,177,89
248,29,43
73,44,253
8,230,128
28,110,23
138,114,175
0,106,71
240,71,141
114,214,169
120,86,235
6,52,214
21,51,199
215,77,200
22,2,61
67,60,82
45,212,85
186,186,31
101,42,119
235,83,33
69,58,41
38,58,197
6,240,163
214,99,208
185,130,37
13,150,77
26,69,23
150,136,182
255,225,67
25,115,247
43,157,223
232,186,240
134,160,244
181,250,38
93,130,126
215,73,162
178,147,74
247,149,3
31,140,83
198,18,5
48,15,242
121,141,89
115,75,95
45,82,219
216,238,153
242,248,85
239,1,156
172,214,133
229,8,134
231,25,25
144,15,93
36,252,82
87,215,61
71,85,216
22,103,176
64,19,247
181,43,232
124,38,152
191,83,237
171,39,14
14,213,45
75,75,16
110,42,54
227,250,132
79,132,14
134,126,65
14,36,171
182,137,34
87,103,115
183,225,155
43,0,25
36,61,16
228,216,62
111,81,109
36,119,225
2,98,29
252,184,164
153,250,243
40,160,94
95,166,18
182,217,202
236,84,20
77,6,26
247,150,244
132,182,244
96,147,121
106,125,196
68,253,74
43,247,122
29,214,40
186,120,23
3,124,7
137,99,3
107,219,177
199,184,42
81,190,64
136,228,46
122,129,216
193,83,93
194,148,191
151,81,53
55,74,180
112,67,19
156,81,248
156,20,154
201,33,216
59,40,241
222,106,44
58,246,79
99,229,103
2,141,193
89,40,237
72,2,129
85,149,226
81,198,185
104,55,37
46,104,147
60,239,97
75,58,18
221,168,61
87,117,87
74,180,147
160,124,29
246,184,179
179,85,214
153,79,76
15,176,171
24,147,32
255,34,222
150,31,180
79,117,61
220,55,46
175,157,162
19,178,92
161,164,126
53,140,58
174,161,58
250,206,31
218,147,109
118,44,176
195,79,238
216,57,63
26,154,201
174,177,126
245,242,153
93,246,52
155,141,171
195,8,174
200,196,61
85,90,211
172,232,174
17,140,22
239,68,252
65,238,184
183,232,99
158,65,39
124,68,120
87,222,114
172,233,179
26,234,25
100,245,66
155,26,176
220,82,212
205,211,132
240,229,157
228,99,107
156,6,37
212,90,119
250,32,201
68,158,102
187,155,72
162,251,246
175,163,2
135,205,184
12,48,203
174,26,11
224,144,210
116,224,70
212,118,121
249,30,9
161,207,128
235,66,170
7,23,192
94,193,73
232,32,202
3,105,140
143,154,174
255,173,11
31,151,252
56,10,65
53,186,40
222,83,65
47,184,119
201,189,234
176,167,81
241,254,218
180,25,246
200,87,29
6,206,158
195,252,43
228,30,47
45,6,186
158,250,167
238,165,135
48,143,254
154,248,221
76,113,69
7,143,33
65,29,1
120,107,172
102,39,185
223,187,46
225,29,33
82,194,131
107,85,141
150,238,207
69,15,220
139,56,152
201,132,132
58,37,49
12,238,177
237,235,52
211,26,177
145,155,161
51,60,239
18,156,184
85,245,210
184,128,107
161,244,76
190,49,41
157,193,162
96,234,84
203,148,116
130,245,227
219,163,84
71,89,239
23,0,206
136,74,148
51,143,183
131,21,89
158,240,123
214,156,64
213,74,255
82,212,104
9,94,88
23,190,55
210,186,233
149,170,78
33,170,185
186,218,125
153,172,95
28,200,98
43,170,82
231,47,175
86,5,19
155,67,153
180,34,47
244,206,179
44,251,40
123,249,31
244,217,56
36,217,232
232,181,168
1,156,184
244,191,78
204,129,242
46,247,55
33,50,153
159,95,118
141,46,174
106,67,26
10,119,124
76,176,62
134,242,141
13,122,139
24,214,66
235,120,14
147,202,58
177,148,70
190,223,40
68,125,108
57,139,222
106,16,106
38,122,214
143,97,24
57,245,80
71,67,236
100,9,208
215,168,244
163,99,198
27,26,132
88,31,4
44,200,60
233,81,133
67,55,149
211,161,28
38,183,121
70,12,234
54,243,6
60,202,113
233,224,123
24,99,190
165,113,70
225,188,41
173,146,232
202,217,59
19,130,90
47,228,80
247,150,88
146,123,25
235,87,194
76,155,54
58,231,72
166,126,156
172,5,107
80,215,142
135,212,189
89,188,23
222,217,96
52,121,168
99,71,99
72,199,53
189,191,58
181,86,229
59,252,152
230,202,88
136,57,207
135,203,56
92,247,194
14,111,89
17,212,11
197,157,252
103,186,144
33,102,155
198,167,197
184,55,150
146,187,161
96,213,22
53,163,84
196,89,203
222,119,204
113,127,196
152,150,160
154,216,247
24,86,200
218,165,225
78,183,66
34,56,122
40,176,160
209,42,103
77,25,128
239,210,163
103,16,86
124,33,250
2,137,111
61,88,80
9,233,174
233,96,80
198,176,132
190,91,92
3,223,140
87,146,232
168,102,189
99,224,86
228,53,94
36,139,113
41,252,59
96,152,94
145,92,203
49,37,33
87,41,81
207,223,6
25,7,124
144,212,58
3,125,253
180,49,73
27,242,158
168,179,12
10,65,37
27,226,16
26,96,45
88,242,65
178,53,55
12,50,43
238,32,200
170,229,215
155,220,64
0,184,110
108,158,174
138,150,203
230,30,13
90,226,60
0,216,92
22,48,121
205,251,239
242,64,194
73,199,99
78,191,5
48,34,221
23,125,8
200,10,169
217,215,104
22,169,2
209,64,139
63,237,142
10,80,118
60,127,217
216,56,191
83,128,233
162,15,45
12,127,96
110,95,250
209,156,87
249,56,234
241,122,170
228,102,233
248,15,27
176,105,73
76,209,92
163,199,202
200,12,37
165,136,146
220,36,113
33,113,149
249,115,160
48,127,80
228,64,73
210,249,196
52,85,164
1,58,132
224,22,96
67,72,201
4,76,135
207,163,117
66,234,4
254,195,15
45,58,47
72,218,242
47,197,73
30,207,134
248,199,103
42,196,2
66,58,15
71,111,159
186,38,245
164,116,14
231,214,127
202,54,134
255,72,64
141,171,137
56,251,124
210,70,131
81,55,62
180,69,8
189,248,31
242,52,0
129,37,84
16,185,155
67,137,126
132,158,243
63,79,164
44,219,97
111,1,22
41,241,190
200,213,13
227,204,5
227,233,20
47,214,232
248,119,210
87,43,231
70,27,185
45,235,165
230,148,139
96,50,28
194,58,152
235,233,199
193,59,233
207,195,100
59,209,211
96,237,235
150,253,246
55,221,131
126,98,15
168,14,16
11,136,230
189,102,45
79,153,231
150,237,161
167,184,94
214,64,114
167,180,41
78,156,158
163,197,248
10,244,102
114,80,3
172,100,176
242,11,8
40,150,179
122,153,195
74,209,202
2,194,96
85,86,194
222,3,7
235,214,215
204,124,62
110,74,150
8,186,46
30,228,165
37,152,44
11,45,216
199,82,0
163,48,125
169,92,135
10,245,15
126,5,102
222,37,58
179,149,185
65,135,215
178,253,220
234,88,187
144,86,53
182,124,190
88,15,205
219,57,22
168,228,193
27,94,233
184,218,68
161,171,62
181,203,204
228,44,18
18,204,74
41,156,48
167,30,123
33,170,90
201,203,100
135,195,75
35,41,192
208,47,41
90,107,90
76,183,192
202,96,50
5,42,146
14,182,206
56,112,17
193,136,113
86,80,186
250,38,62
134,6,204
72,236,200
231,252,29
166,5,163
29,22,93
94,13,201
61,44,207
90,113,68
140,94,69
194,197,61
124,208,189
174,60,99
0,241,178
88,84,32
11,173,94
10,221,198
206,167,172
192,150,87
158,166,6
170,228,150
109,40,214
167,245,157
133,189,230
32,80,146
200,187,148
112,159,9
221,138,154
85,33,157
189,88,118
253,164,18
40,12,92
99,26,18
220,21,214
249,134,169
94,103,85
169,240,64
245,196,42
173,189,198
11,125,187
159,232,110
252,130,240
175,202,17
225,41,24
157,11,4
184,39,170
197,244,104
255,230,106
60,48,243
66,19,231
19,148,251
23,172,86
3,5,231
132,129,163
119,55,148
233,234,234
157,14,226
225,174,240
187,140,131
239,251,151
60,90,186
51,143,23
70,222,110
6,216,15
135,238,90
197,231,92
41,120,17
46,125,116
145,86,74
183,178,186
65,195,107
147,125,130
38,30,12
35,185,30
64,97,25
147,127,76
122,227,196
75,15,128
244,109,72
28,233,178
213,205,236
83,28,7
242,210,158
181,189,192
14,175,203
84,229,164
232,98,41
121,95,25
9,131,163
151,83,173
92,48,239
0,52,57
63,192,43
45,10,252
171,88,56
237,60,4
79,225,32
62,174,245
235,197,114
6,45,155
69,130,131
237,217,214
46,43,1
169,134,11
114,251,144
102,101,98
154,71,78
143,92,168
242,44,109
226,37,43
28,8,228
23,59,112
142,153,186
241,94,87
92,30,88
224,197,142
68,206,164
59,176,205
183,216,21
31,16,50
135,106,49
164,15,208
239,190,85
96,182,47
24,231,243
72,155,97
110,2,33
35,231,25
189,37,101
164,81,230
77,187,208
35,212,110
19,73,185
25,254,175
88,67,12
198,186,16
187,58,69
201,253,250
234,28,122
31,164,63
138,83,43
227,33,87
98,53,135
239,227,10
42,166,200
126,37,10
129,224,86
91,24,224
156,124,8
201,7,71
13,45,44
158,155,165
120,135,47
9,134,9
236,23,246
26,130,16
197,69,89
213,79,224
42,247,58
232,43,236
222,76,211
5,206,227
131,144,80
19,113,194
82,123,186
235,228,86
224,83,102
126,81,153
209,35,232
234,132,113
80,205,178
103,81,184
12,28,165
0,103,136
203,173,206
254,78,52
21,9,21
203,217,198
203,239,215
73,119,73
191,172,129
240,202,185
78,152,53
132,222,218
222,233,247
255,118,4
49,194,219
212,175,6
130,213,36
9,246,201
127,182,175
149,231,221
91,7,219
185,47,247
23,244,202
166,192,49
249,235,67
134,227,70
41,221,115
52,242,218
210,176,165
52,37,219
53,105,154
159,88,214
150,3,123
42,116,91
92,56,98
200,123,35
63,229,45
224,179,54
113,241,48
239,3,155
112,6,233
169,216,192
240,144,169
164,58,3
153,163,31
117,12,240
214,15,182
128,199,85
122,25,2
91,143,223
35,158,97
137,128,100
124,186,55
102,48,156
134,211,199
132,53,156
233,37,132
122,227,249
26,102,45
144,204,233
2,25,181
213,203,115
28,117,173
73,229,14
128,211,12
238,222,72
142,126,195
234,46,204
72,183,250
150,25,240
35,22,215
113,88,242
38,238,37
246,226,66
179,26,152
11,25,42
34,181,39
209,24,57
121,63,181
129,143,6
194,19,11
133,231,199
245,19,105
190,239,60
190,124,188
64,16,148
43,45,97
132,70,217
20,71,159
30,31,229
69,34,15
60,10,244
88,156,197
80,111,127
208,85,76
223,183,66
237,40,93
150,103,191
122,229,109
149,146,251
176,238,172
157,94,30
211,22,56
154,15,178
112,228,172
242,92,222
34,177,72
109,208,106
119,200,68
82,42,138
20,139,219
222,127,124
90,101,61
211,57,45
158,76,43
43,6,111
112,223,66
117,84,59
175,245,113
6,74,195
187,96,230
178,251,177
86,231,205
125,28,217
156,120,17
51,142,30
4,170,237
196,179,191
113,250,166
126,180,181
107,153,40
222,156,99
154,87,114
55,217,45
253,111,28
95,238,216
220,78,95
223,218,205
10,61,56
6,58,159
242,65,220
4,31,91
186,23,189
100,253,95
236,82,122
98,72,148
229,62,121
75,63,237
255,100,136
55,149,202
58,67,192
139,74,208
225,99,204
41,46,137
128,205,61
146,100,50
2,84,98
148,91,38
189,131,100
29,190,163
40,26,32
183,118,4
241,116,247
22,252,72
194,203,222
101,214,189
225,222,118
230,136,141
145,214,90
75,28,151
100,223,70
172,227,109
84,132,31
112,127,110
112,250,29
127,14,202
80,65,128
157,177,6
36,120,200
87,76,250
91,212,244
14,239,91
150,2,197
36,224,7
122,8,240
212,67,46
133,134,245
97,57,235
43,67,235
16,243,116
125,47,107
137,10,66
63,58,4
79,137,155
168,59,107
57,5,166
42,40,50
227,126,157
92,89,142
13,129,80
67,94,99
25,51,236
143,72,166
120,237,168
232,236,191
208,173,15
139,73,253
132,24,126
147,5,97
147,4,196
238,250,186
76,104,141
98,239,53
31,12,142
205,223,139
102,185,71
232,104,24
34,60,222
65,171,206
90,160,238
130,176,225
171,210,185
212,16,202
78,79,27
233,228,126
98,157,228
179,214,57
82,62,108
214,117,139
238,212,119
97,235,224
27,247,242
94,88,189
71,214,81
252,205,180
118,202,170
30,102,113
53,68,173
46,158,169
185,239,167
202,122,151
184,45,92
74,114,182
2,166,135
186,44,48
164,22,206
130,185,27
193,140,97
56,73,7
254,82,3
31,97,146
61,134,7
195,26,249
58,184,194
130,16,142
81,211,98
76,104,91
44,250,219
115,154,130
241,0,42
113,190,183
66,24,103
187,214,181
61,159,246
178,216,102
77,32,254
131,154,118
130,241,179
166,50,62
1,155,234
252,41,91
217,126,211
114,12,41
201,43,141
246,6,18
235,12,142
200,72,178
22,5,192
237,215,47
249,218,217
50,81,170
75,100,203
121,166,148
224,198,215
60,137,14
233,33,108
184,96,95
234,34,69
155,111,254
73,97,233
192,32,179
198,162,102
57,32,247
233,239,211
50,255,187
67,149,135
150,242,22
91,5,15
68,121,169
209,14,112
250,86,165
3,160,37
187,152,120
182,64,116
124,156,134
173,33,62
170,5,159
182,182,107
127,94,12
109,154,1
37,236,181
203,91,245
138,199,185
155,94,203
145,212,34
11,172,61
217,200,178
184,36,210
97,207,198
207,128,225
28,88,42
52,9,95
179,12,213
178,234,210
35,192,38
212,211,171
94,38,102
158,113,61
59,35,143
184,21,83
87,160,197
8,100,213
14,10,163
143,36,207
245,254,115
47,137,175
130,80,250
50,1,5
23,154,247
253,62,101
214,215,13
1,104,91
174,162,169
42,83,15
50,249,200
112,212,166
245,126,196
54,199,26
23,75,131
149,201,141
108,100,21
90,248,235
97,31,68
193,237,223
196,146,205
233,154,171
239,226,73
69,148,60
244,101,255
14,117,36
66,129,10
154,56,108
215,250,45
28,2,113
55,220,167
112,174,94
49,201,106
224,226,123
6,74,54
208,148,188
128,201,96
66,153,245
227,206,88
129,173,52
215,68,20
14,191,193
252,60,58
232,167,129
15,76,31
183,135,134
244,178,137
54,139,213
125,194,211
85,45,219
182,51,156
23,9,154
100,155,24
102,63,35
221,220,48
211,158,43
222,242,185
171,203,211
211,146,84
21,112,220
2,133,19
83,8,248
226,40,39
146,62,195
58,242,135
28,8,124
72,213,165
113,191,149
176,101,181
226,178,22
84,4,225
84,97,3
72,122,164
222,245,33
22,178,179
212,209,203
89,102,22
45,214,56
251,116,235
131,157,70
34,72,140
162,50,36
253,95,31
95,113,92
207,15,143
1,65,87
229,205,60
124,167,111
138,154,250
92,144,166
140,175,108
16,17,197
153,172,85
68,9,213
173,197,198
38,199,113
124,252,56
142,215,64
35,66,187
16,32,100
167,55,46
211,73,23
221,196,24
164,208,46
218,220,26
186,219,181
215,171,127
222,203,138
143,196,173
119,154,149
110,68,96
208,240,57
150,26,88
113,242,93
115,8,229
233,82,2
159,153,130
147,97,187
87,176,99
37,70,71
232,84,0
38,40,25
164,221,6
85,176,212
9,96,102
15,242,7
102,2,89
210,53,11
143,104,160
201,132,95
15,151,2
103,71,49
16,24,59
112,235,102
48,194,101
126,117,192
7,48,78
22,165,36
57,157,234
126,63,115
137,251,53
247,138,118
72,91,240
49,244,91
31,202,75
201,98,150
211,105,42
184,174,214
229,64,195
138,101,124
97,67,185
128,211,35
193,52,209
190,150,196
65,160,81
136,191,124
91,223,126
234,227,98
25,113,24
38,111,83
76,223,100
195,164,202
135,77,38
77,34,151
131,7,69
173,76,122
35,42,132
94,205,197
238,161,62
100,33,244
48,236,87
2,89,183
123,217,91
9,101,91
198,252,236
96,209,204
68,53,50
59,96,47
111,50,135
247,219,47
194,215,125
1,162,83
187,36,8
160,151,77
154,87,19
130,2,97
89,193,41
238,58,212
225,125,212
59,168,49
82,173,141
100,138,213
232,13,33
153,61,234
133,124,235
255,75,58
156,103,103
180,33,41
55,252,127
54,30,36
110,171,13
110,218,60
177,102,117
251,4,102
198,37,155
152,214,124
4,52,174
105,144,134
13,55,196
108,141,110
222,136,53
170,133,117
76,101,215
109,209,57
171,229,162
23,252,67
191,139,42
143,99,22
212,69,77
23,209,97
41,183,83
235,152,247
48,127,138
166,229,80
254,54,170
121,231,46
202,31,211
73,42,253
13,218,244
230,53,245
25,243,239
234,30,211
127,70,139
118,57,162
221,119,14
94,102,5
216,246,115
4,214,35
90,139,6
71,77,114
59,41,212
57,164,17
215,81,21
154,70,45
80,232,138
162,176,179
163,131,207
213,62,151
241,137,52
229,121,7
97,203,128
20,1,132
71,69,21
131,88,64
103,69,69
52,146,187
129,74,99
127,130,172
189,130,70
228,196,248
255,118,241
147,139,135
228,20,117
127,141,45
7,166,236
225,38,119
210,124,110
166,184,65
9,17,170
199,212,227
16,174,77
237,252,132
106,221,156
93,73,18
218,57,51
240,23,117
215,96,247
205,32,214
147,75,130
159,133,201
185,2,131
150,79,219
87,17,129
46,148,217
217,136,64
76,248,173
13,249,37
104,59,162
178,63,165
210,255,229
242,83,30
210,25,244
242,121,4
129,249,100
0,161,1
245,21,163
20,200,88
241,141,250
109,126,77
135,186,241
199,58,66
183,140,245
173,101,168
225,130,35
230,24,142
134,209,73
97,255,76
100,31,61
135,165,185
155,234,100
209,170,234
201,12,166
79,31,6
112,76,85
35,104,248
135,93,224
88,38,37
119,93,23
222,70,14
97,113,120
198,245,61
153,120,217
215,250,143
218,202,28
118,69,25
76,10,247
204,30,86
159,7,167
227,151,210
50,252,72
43,78,198
237,184,67
184,205,57
172,108,242
102,209,95
180,61,85
101,255,38
3,81,202
22,127,248
217,68,162
98,46,184
12,229,175
222,141,47
93,241,179
19,101,18
191,20,222
43,211,250
180,63,111
64,5,87
167,111,126
20,224,183
89,202,72
225,57,238
42,176,89
198,81,9
51,116,173
146,166,250
203,11,42
184,59,178
163,251,254
4,43,68
236,8,94
8,102,53
122,129,174
218,79,12
107,105,212
163,113,103
70,161,4
87,143,68
13,0,126
186,63,46
95,14,17
116,26,18
155,107,170
157,129,197
210,254,140
8,81,59
134,30,186
28,234,248
49,179,104
200,220,70
67,97,177
245,125,150
37,245,89
150,2,27
138,40,183
89,220,15
24,59,99
149,52,166
58,115,179
88,39,236
119,164,52
164,117,90
72,60,123
30,0,125
27,127,161
83,64,239
139,181,34
178,26,146
10,249,147
184,225,223
36,107,246
13,127,191
251,174,166
24,178,183
91,73,62
109,162,161
2,247,7
234,91,68
138,244,89
235,185,241
45,223,204
186,233,38
247,185,254
10,72,72
53,140,210
104,1,194
229,99,143
223,131,142
210,186,234
84,22,168
111,245,9
63,227,205
245,60,79
10,50,227
136,144,255
74,244,238
246,116,49
88,118,16
121,25,224
117,83,143
213,225,180
135,92,107
65,52,182
162,136,93
228,34,179
113,1,252
233,109,222
151,217,35
16,35,250
207,27,57
71,249,183
163,182,113
111,96,22
126,95,243
42,141,228
0,255,30
243,37,15
74,93,16
169,15,48
188,231,72
49,88,182
123,70,185
124,188,24
156,187,6
134,217,103
35,71,234
110,76,253
101,221,122
21,253,242
26,168,29
45,175,228
232,200,113
118,116,91
61,72,196
48,134,241
220,131,22
96,232,149
248,253,84
209,196,32
53,104,100
110,90,111
239,235,88
226,67,235
144,193,128
214,26,60
49,35,202
15,90,22
161,46,105
173,230,170
99,54,137
77,104,229
227,200,215
69,102,217
23,210,16
131,18,141
140,179,22
171,19,243
131,10,125
34,121,140
28,14,37
185,73,13
14,131,76
249,95,37
40,216,203
50,174,163
222,162,127
204,255,158
89,124,64
63,56,24
214,239,22
177,71,204
98,222,216
254,180,183
178,126,132
1,100,238
194,180,130
192,185,186
229,190,90
151,20,59
28,12,229
192,4,117
88,150,46
89,107,166
160,88,187
115,51,143
78,108,40
71,94,28
28,40,152
63,191,118
223,207,248
36,145,216
253,166,207
125,158,56
214,213,122
56,10,254
255,177,237
33,176,134
193,84,230
190,224,39
60,181,96
45,223,100
206,176,76
155,92,115
110,106,90
194,6,208
190,183,8
40,93,67
49,185,37
173,234,113
134,201,254
151,134,31
176,69,211
70,21,160
71,252,224
11,25,246
145,184,131
115,16,233
193,112,24
82,127,180
20,220,170
232,58,160
97,90,92
169,100,114
191,58,189
148,215,178
64,138,102
215,50,234
254,140,55
127,216,141
213,143,235
196,140,40
110,11,112
218,245,177
11,31,122
138,180,122
6,241,58
128,193,123
113,150,170
1,6,68
128,133,75
179,33,185
110,227,14
79,228,181
244,146,158
205,61,151
146,136,53
255,163,43
105,225,169
102,109,188
228,178,165
198,180,37
73,250,146
223,247,49
11,42,54
204,205,189
216,188,41
47,153,193
231,228,191
194,153,157
171,123,79
146,38,182
73,114,25
196,96,20
249,102,249
65,87,103
234,93,221
64,214,52
5,14,145
153,183,112
117,38,184
49,218,3
207,35,253
167,205,70
31,86,215
146,0,225
181,240,136
103,147,118
182,247,103
190,235,51
3,34,63
90,219,185
63,212,151
161,179,105
15,224,225
151,176,225
6,130,55
81,119,208
109,48,165
87,139,190
225,178,9
199,77,232
143,105,108
38,94,166
128,175,249
201,68,39
119,131,182
181,2,116
17,208,165
98,51,83
88,214,82
253,230,225
242,54,24
234,133,113
168,246,67
95,56,138
236,20,22
74,64,183
158,87,65
135,86,91
83,143,234
148,24,88
156,156,42
241,245,135
134,184,21
155,106,168
55,235,219
107,219,1
217,123,221
46,69,96
138,94,67
63,25,204
10,192,86
74,138,178
222,59,56
94,76,193
192,228,64
193,146,83
134,123,29
195,62,140
239,160,89
126,55,58
221,99,69
117,90,76
141,148,150
166,185,92
145,160,74
125,93,95
84,143,86
103,150,115
247,212,244
207,182,187
108,34,228
201,132,140
51,95,176
8,92,155
160,200,251
152,188,93
110,71,179
57,170,42
52,54,154
86,195,189
126,65,63
209,181,21
34,38,235
120,83,75
174,125,183
161,168,137
96,171,6
21,141,13
102,144,142
144,235,235
139,112,220
151,62,187
128,133,251
42,178,214
78,115,95
48,84,203
133,138,88
76,107,246
5,87,96
196,89,88
176,71,78
184,17,64
26,145,166
69,39,54
193,84,64
236,167,223
213,105,235
243,7,162
36,196,156
37,104,97
106,14,221
105,139,97
80,249,140
127,81,239
88,42,98
134,51,1
153,23,174
51,119,57
233,245,49
132,201,59
224,169,145
206,204,218
80,52,84
184,163,3
34,161,80
250,165,142
210,49,237
142,218,226
114,135,32
238,152,116
226,163,142
23,229,42
146,28,14
147,5,210
183,249,96
70,138,40
49,219,167
247,82,114
143,95,49
24,161,252
44,12,196
170,225,147
171,108,12
185,61,137
11,29,204
190,126,239
28,111,170
190,34,85
42,130,23
29,34,47
245,72,71
197,220,87
186,16,214
68,45,56
222,209,158
244,69,15
240,92,137
150,176,159
229,23,181
223,160,229
36,112,55
192,88,164
252,8,220
124,46,225
44,142,155
97,89,100
165,219,83
132,27,150
81,190,252
180,186,253
53,37,251
71,111,18
50,189,146
30,170,226
93,89,39
80,248,14
16,19,25
30,54,132
143,38,64
59,108,124
207,97,32
40,61,47
212,150,78
154,199,155
107,38,248
167,49,168
65,64,75
208,48,117
105,5,152
42,95,191
50,131,57
64,183,251
44,83,16
242,163,209
130,96,30
52,197,122
248,201,154
215,158,37
236,33,136
99,51,121
225,77,75
163,224,85
102,255,136
50,92,251
137,53,112
214,132,170
186,160,255
222,190,56
200,2,18
186,44,70
250,63,191
70,156,95
87,197,190
23,43,32
234,205,86
158,164,100
207,26,35
46,192,39
115,143,229
227,156,226
119,109,165
150,70,28
109,153,74
116,90,164
133,72,93
95,195,18
243,129,46
74,163,13
19,101,242
250,95,201
14,9,64
242,124,131
123,78,80
206,229,175
118,88,196
117,143,160
40,216,125
36,92,170
123,248,65
103,11,156
242,83,73
139,102,17
137,178,61
118,61,58
38,46,121
23,195,69
175,222,120
30,86,160
13,109,241
160,175,245
26,164,102
222,248,197
252,127,116
44,8,34
74,106,12
169,212,203
73,79,169
148,76,174
157,197,5
201,117,131
142,90,15
242,210,51
193,204,163
91,99,199
25,52,71
93,88,128
56,142,34
73,242,29
59,248,140
210,244,56
224,46,252
11,180,218
25,173,116
250,246,225
188,178,110
3,21,127
9,110,206
47,139,249
175,75,165
230,61,30
3,9,224
161,244,53
230,67,79
6,144,96
215,228,196
101,155,96
37,196,225
190,155,100
109,3,44
72,133,174
193,86,69
101,105,73
187,244,232
180,19,63
225,120,215
163,52,50
196,218,207
36,66,1
247,93,110
172,170,248
16,3,33
168,158,251
142,177,1
45,107,64
238,17,69
99,47,154
88,132,45
216,8,174
138,95,124
67,13,95
63,93,76
244,155,78
84,204,66
182,67,255
136,113,32
198,230,19
167,193,93
77,76,135
137,33,106
56,106,26
90,58,225
247,99,135
221,90,194
237,108,26
149,204,215
149,39,109
199,240,6
248,242,126
125,140,240
243,73,227
226,112,132
187,71,80
190,30,167
203,77,200
199,23,170
6,12,137
97,58,237
62,203,187
176,246,10
177,234,41
109,179,88
78,109,241
57,244,93
233,158,21
147,88,198
223,155,218
141,82,53
119,1,43
109,158,35
118,219,235
223,174,103
131,160,231
122,128,16
53,95,31
55,167,47
245,11,35
241,146,146
158,252,14
132,188,107
180,106,183
6,51,112
137,168,145
114,53,196
88,74,224
159,4,63
206,76,142
223,94,163
102,147,166
254,155,5
54,105,7
86,203,94
66,94,236
181,117,189
9,108,220
182,155,182
235,40,189
247,147,116
213,95,153
30,118,244
203,47,176
149,32,209
27,137,120
74,103,200
170,133,159
161,249,82
176,207,28
61,158,230
150,28,131
87,229,38
84,65,64
161,84,115
63,103,109
211,60,58
22,40,115
31,208,163
92,178,151
125,183,24
80,76,95
34,110,189
26,206,5
62,195,248
186,126,0
41,129,23
112,223,167
226,181,97
217,51,254
85,34,168
129,51,171
127,66,139
241,130,132
104,47,49
100,6,124
32,73,174
53,213,127
234,219,48
139,36,88
126,200,11
33,12,51
42,56,98
179,245,251
71,17,145
240,138,108
171,97,200
61,131,183
172,158,237
19,202,174
39,0,144
81,154,182
236,56,62
151,55,217
230,157,54
113,211,83
147,136,159
248,237,84
150,51,178
154,125,186
189,29,96
205,219,9
69,4,66
178,171,141
192,199,74
101,42,128
222,178,146
247,242,8
145,154,47
226,155,71
130,174,123
163,67,13
189,147,237
164,14,122
237,68,8
226,225,194
173,247,76
204,78,61
60,176,61
0,111,226
77,32,229
205,131,108
175,126,151
72,217,200
221,160,78
46,168,241
44,223,240
58,170,248
128,128,95
170,89,157
59,192,167
233,39,143
220,222,44
152,135,148
184,43,132
205,16,194
141,48,162
207,115,35
60,183,0
223,165,34
220,57,8
129,158,171
226,250,5
253,151,152
243,204,186
179,6,153
76,165,198
62,176,184
132,197,70
245,174,118
180,34,68
102,211,44
143,251,246
155,109,112
156,212,35
235,113,75
134,132,35
202,108,67
112,38,113
254,143,166
222,84,107
86,170,190
12,50,162
46,167,38
120,95,199
205,100,128
253,167,4
229,146,169
98,65,133
75,44,172
86,80,117
56,64,237
36,14,173
241,253,137
198,190,58
53,113,222
162,2,209
230,182,92
243,91,201
56,136,147
97,155,134
116,151,255
183,128,182
163,185,108
69,82,135
99,18,100
172,156,96
20,47,12
67,233,209
111,117,194
112,21,112
183,194,85
189,215,101
142,130,134
2,69,145
242,203,3
231,206,147
94,188,236
131,68,253
61,60,157
40,188,31
150,235,99
170,117,141
115,212,93
178,67,215
120,92,247
53,145,66
103,250,95
174,249,202
147,127,114
93,191,1
211,222,205
93,171,16
99,201,203
4,175,142
79,4,61
80,250,106
110,10,116
148,76,18
192,252,20
113,245,64
83,135,245
81,15,138
124,176,188
154,213,201
45,233,37
41,165,85
224,129,225
96,162,71
121,17,202
93,230,33
190,180,37
208,10,187
238,189,80
29,114,27
7,163,12
196,129,26
50,175,248
206,173,204
163,131,41
9,138,115
38,251,254
207,101,120
68,241,253
52,198,196
8,231,54
49,187,12
129,199,137
33,29,176
211,187,87
173,89,23
245,157,204
122,237,20
249,4,241
74,121,109
236,6,167
192,42,196
24,92,200
32,28,223
112,142,124
171,109,223
243,94,198
11,255,41
8,94,227
134,190,126
6,50,211
80,31,114
79,86,155
133,249,14
216,185,248
77,117,101
211,219,19
116,245,111
199,140,187
135,236,228
29,225,105
49,125,207
123,99,24
49,62,178
60,172,131
194,113,3
201,89,42
142,44,22
36,42,78
19,136,17
30,163,145
52,60,212
33,86,198
221,86,254
162,244,147
68,220,226
100,121,23
203,114,33
15,86,167
125,9,250
65,145,123
124,60,124
241,128,92
95,149,159
173,124,235
154,64,14
134,76,167
131,178,34
151,238,4
91,111,243
155,104,211
84,233,99
179,89,19
210,44,137
212,169,167
221,33,164
186,99,230
244,197,237
63,197,191
137,27,37
241,231,100
222,80,119
1,129,138
32,96,8
178,45,188
72,8,119
177,175,47
34,91,231
66,201,221
73,89,120
73,206,55
161,93,46
61,251,62
78,247,46
198,195,215
17,109,172
255,238,198
132,24,30
151,108,182
162,152,210
248,74,183
124,59,54
123,49,253
73,140,28
132,251,208
48,43,20
154,190,192
212,196,138
161,232,80
34,198,176
231,183,73
50,149,24
129,66,220
231,202,77
201,46,242
112,84,202
179,136,205
213,158,105
121,212,143
133,39,86
102,12,243
122,154,55
202,76,92
31,241,121
228,96,56
98,192,141
162,11,131
143,26,220
125,244,122
146,33,81
21,135,124
220,137,92
155,208,161
209,30,35
141,6,69
68,114,80
7,52,127
180,47,124
58,73,60
189,247,168
61,200,182
112,67,152
174,191,134
91,12,22
190,220,157
50,255,152
234,67,1
206,210,253
102,146,105
89,124,206
111,159,113
20,227,213
100,104,160
62,18,14
144,197,129
131,109,226
12,16,104
40,105,238
92,106,74
230,187,190
49,114,59
71,192,55
47,57,211
2,148,14
146,60,140
48,178,114
92,192,28
210,172,202
66,153,225
78,99,165
189,72,197
125,21,142
104,13,111
175,148,14
119,93,42
59,240,217
106,90,127
252,254,194
103,156,254
231,236,101
252,107,25
52,67,126
143,218,132
117,173,30
150,82,135
105,109,188
45,240,190
129,220,180
30,116,187
225,106,6
55,74,153
1,95,217
51,41,184
61,76,55
253,7,170
5,224,14
46,40,229
253,210,8
251,165,5
156,212,155
147,255,44
200,200,95
119,90,61
24,118,245
223,180,197
97,97,41
81,64,137
77,33,228
150,207,30
42,134,68
53,234,179
48,2,140
16,29,146
27,235,4
142,98,154
160,147,246
249,5,162
89,169,119
127,242,75
40,29,189
163,205,39
229,248,215
252,164,158
226,73,88
199,116,116
223,151,213
106,95,130
66,188,2
190,195,107
19,0,59
47,129,235
153,63,15
7,226,178
123,27,108
108,217,90
196,153,41
255,57,53
68,236,231
167,151,129
191,97,126
9,98,8
184,1,141
143,221,22
199,252,229
163,162,202
132,245,102
61,127,218
166,60,36
57,47,188
6,141,238
240,182,185
3,55,30
36,66,197
212,44,128
247,11,20
182,18,252
201,192,232
202,180,125
148,16,216
239,144,9
76,81,66
243,21,27
213,180,169
240,215,111
198,229,223
102,60,24
240,198,63
19,82,97
13,97,45
16,51,8
42,151,180
65,215,186
23,40,200
61,207,44
108,114,81
112,14,62
218,170,212
49,240,189
52,26,211
177,179,206
94,136,89
111,68,194
172,99,122
241,140,249
14,74,10
98,42,3
72,210,3
157,22,41
222,37,206
205,171,16
122,226,169
151,133,77
247,11,214
12,8,241
19,63,255
212,226,222
141,100,77
143,247,44
154,77,10
249,61,249
246,120,186
227,218,48
212,78,86
116,220,250
232,44,76
62,117,148
217,98,65
83,136,162
24,227,205
114,255,80
182,242,78
234,35,29
238,15,221
48,195,152
240,42,201
0,11,35
47,7,245
188,12,163
181,158,202
75,143,123
198,115,117
103,114,86
3,157,231
166,35,70
94,129,201
126,47,109
128,78,113
224,255,40
105,121,83
255,127,215
31,29,93
34,79,163
152,10,10
120,60,237
137,61,62
180,148,235
207,132,53
114,149,31
162,50,42
175,75,35
51,249,219
57,25,86
110,190,170
182,123,129
226,225,150
70,160,240
38,207,199
226,109,25
182,252,188
147,214,187
147,218,63
249,108,192
233,18,76
184,109,69
227,193,198
9,86,148
113,5,8
232,30,156
192,96,90
75,235,9
35,98,96
216,233,66
210,69,98
62,51,250
167,0,96
205,154,20
184,19,184
5,77,79
241,154,22
141,215,217
2,251,240
43,253,73
211,17,166
85,223,103
173,14,141
194,4,249
121,67,237
95,145,96
6,71,0
197,115,200
116,20,244
58,83,79
178,210,69
95,229,119
130,83,224
63,8,200
189,60,134
252,77,192
200,65,112
51,107,109
200,131,134
37,21,148
219,224,246
198,114,143
55,62,245
23,198,181
84,169,252
120,192,110
135,192,215
15,243,3
34,162,219
52,10,71
213,253,24
169,228,105
73,220,221
79,192,60
121,226,247
115,27,224
24,194,147
126,111,125
222,172,3
82,160,79
167,67,208
110,74,103
85,202,3
46,27,102
122,193,49
206,114,98
135,189,106
97,90,197
43,237,146
189,49,39
205,240,163
183,131,47
141,175,225
59,23,197
163,219,152
147,196,108
40,85,86
255,162,160
11,160,141
164,189,179
55,19,42
34,44,108
69,228,23
94,159,112
45,211,23
70,204,113
4,134,154
206,54,62
80,248,236
2,202,87
211,190,252
141,45,104
149,104,55
224,129,10
208,207,255
162,225,238
110,203,73
116,130,59
2,191,162
52,254,152
93,118,60
173,65,167
170,137,236
95,178,89
168,58,13
134,244,73
215,13,78
214,83,111
177,244,128
70,145,15
174,73,232
75,22,230
191,29,75
110,138,156
3,158,205
66,5,56
103,143,114
215,213,174
194,90,253
185,97,196
31,253,43
189,100,110
42,226,237
130,93,241
139,205,75
28,211,65
30,0,134
229,245,14
222,154,67
81,54,87
93,131,65
130,255,82
158,8,232
43,134,211
172,135,36
239,138,167
206,105,237
246,15,158
15,194,147
186,211,204
250,66,122
247,42,156
17,26,220
170,162,88
12,207,219
231,134,47
248,63,229
122,33,70
145,138,70
188,17,95
78,252,30
250,98,134
76,21,37
109,63,60
61,171,38
14,212,80
253,177,181
175,242,167
218,236,122
19,83,145
115,111,11
114,169,167
38,56,127
159,153,184
246,245,195
124,205,139
21,9,62
234,213,14
241,244,172
188,124,108
137,239,64
118,48,47
51,157,60
53,39,175
98,41,30
246,85,142
93,54,168
230,81,180
103,126,177
134,23,140
190,158,14
161,86,154
218,140,68
157,11,70
109,83,19
150,109,120
7,137,68
5,171,52
213,64,208
106,105,77
231,49,201
15,138,12
4,40,174
50,137,171
40,128,140
107,185,37
89,162,38
7,209,249
202,73,90
140,28,114
14,213,83
29,15,214
125,86,10
228,165,45
74,75,112
227,15,63
216,224,205
18,24,126
40,81,35
102,78,82
62,63,67
205,52,91
17,97,160
19,106,73
4,66,44
235,94,65
144,153,126
179,98,244
140,164,155
231,73,95
142,138,32
96,83,226
241,28,174
185,129,135
169,136,13
211,190,25
188,50,13
191,244,172
224,64,16
212,107,31
24,142,129
69,41,7
200,240,62
118,203,150
2,10,96
158,75,244
177,231,25
152,157,60
183,196,135
159,14,183
230,44,185
97,178,61
226,250,49
202,252,224
177,48,98
233,175,242
14,151,112
122,239,202
20,187,111
228,139,13
85,205,220
238,161,124
128,223,212
255,37,97
107,217,81
84,199,73
253,191,140
156,27,193
176,105,47
22,36,231
65,148,3
86,31,169
62,14,25
107,136,248
164,242,38
9,104,29
160,207,137
142,251,108
219,16,16
81,133,82
11,218,109
109,253,143
157,5,201
81,102,208
42,51,40
28,74,16
213,195,121
65,108,54
227,21,35
86,3,84
55,151,18
241,63,179
115,4,107
140,254,70
216,183,254
37,59,197
32,156,245
29,31,26
74,135,190
49,71,239
80,84,157
192,12,64
180,174,74
50,130,169
83,117,225
131,246,22
227,216,106
233,102,223
81,28,74
214,135,177
164,118,18
177,173,86
166,102,183
1,115,253
139,255,150
93,47,36
115,70,145
87,175,164
55,34,137
227,102,195
205,234,162
219,127,10
173,145,33
99,45,209
15,81,81
16,86,250
68,105,219
254,185,42
172,122,34
127,70,54
136,118,236
117,114,91
111,204,1
18,76,197
113,48,165
77,174,70
211,81,111
23,215,80
209,175,245
191,115,164
238,55,94
130,55,65
155,32,226
41,198,236
214,225,63
2,225,142
22,55,235
15,101,223
103,127,111
33,105,210
45,212,251
204,244,185
122,52,132
229,230,79
231,224,102
187,246,110
35,209,165
223,49,120
12,199,185
71,167,111
228,157,69
221,39,169
190,164,130
146,142,12
118,251,132
66,33,51
115,227,92
16,93,203
39,18,134
17,156,210
178,255,212
32,228,232
91,17,138
77,24,124
3,228,163
189,121,58
180,112,17
68,77,197
39,91,95
207,66,59
98,210,213
210,51,69
37,26,45
55,211,203
118,81,226
75,165,40
99,209,176
123,201,212
218,214,75
143,50,28
120,56,231
194,15,42
45,111,141
136,130,243
1,244,161
209,124,213
42,111,236
189,138,6
219,50,19
185,132,37
194,168,68
22,105,211
148,250,44
77,173,80
137,207,224
33,87,88
23,11,163
244,45,30
13,103,182
57,45,52
114,62,192
141,110,233
47,25,153
34,90,105
25,184,205
29,208,183
168,137,142
88,115,227
65,96,85
229,210,120
202,109,39
188,172,60
85,112,33
117,63,242
152,51,188
141,105,49
147,237,150
225,217,210
118,13,165
249,106,251
73,235,179
119,105,23
115,115,57
170,238,29
208,218,223
55,175,118
213,166,125
238,108,73
32,179,190
78,52,239
184,219,126
92,211,178
139,82,144
131,178,101
215,198,4
164,83,160
227,157,109
171,199,252
69,96,90
100,186,236
171,110,182
211,183,144
156,27,226
234,208,145
40,57,124
200,44,154
44,6,109
193,65,165
76,163,85
179,53,93
54,156,12
97,205,114
107,246,190
143,155,111
91,207,119
54,83,115
59,241,243
234,204,213
88,169,34
67,75,18
243,186,194
217,173,53
59,146,155
114,154,27
212,101,38
253,128,49
34,190,56
163,38,74
51,179,244
132,203,240
151,73,149
72,55,13
67,119,33
247,213,48
222,57,105
147,26,60
14,1,88
35,247,191
175,203,128
228,255,66
213,70,236
249,216,156
9,103,18
7,85,168
36,91,144
251,42,218
42,186,31
64,179,86
59,218,6
215,229,212
225,202,155
179,9,179
146,110,255
39,110,114
219,24,176
92,252,34
95,32,61
160,4,227
195,11,28
84,151,99
27,146,81
192,165,51
84,239,6
212,135,196
247,109,210
56,11,232
156,204,75
164,117,248
197,69,54
82,193,22
59,233,141
215,17,67
175,97,194
224,243,2
219,6,200
2,216,100
111,160,221
228,99,46
106,169,237
222,212,212
215,241,51
117,9,49
59,22,233
123,212,206
156,235,214
43,51,228
217,106,124
236,41,0
165,207,66
115,127,229
75,72,151
16,235,211
223,23,252
170,148,114
251,254,195
108,167,0
65,105,209
234,27,51
80,233,69
219,103,213
218,95,171
177,79,134
194,68,141
238,172,232
87,90,98
73,92,38
50,120,151
118,104,180
176,48,204
43,178,45
232,78,206
224,215,111
89,213,148
73,157,211
223,82,69
188,33,33
238,212,209
52,253,239
143,60,56
57,117,184
106,233,228
202,131,239
206,112,170
220,108,254
11,130,12
75,226,28
208,33,83
56,120,250
53,60,111
74,242,4
69,124,132
37,36,165
122,93,219
117,119,7
48,157,55
210,218,129
91,83,218
232,150,169
127,54,108
29,48,36
111,18,122
181,197,71
235,96,45
244,62,56
235,203,62
111,94,192
179,41,176
255,252,143
206,217,90
73,183,182
208,129,175
32,128,188
73,115,208
245,154,211
167,194,238
221,120,163
54,229,128
211,180,47
48,32,169
193,254,152
58,16,17
119,114,38
165,227,251
119,44,1
242,7,16
39,87,24
249,199,190
10,182,165
85,66,81
97,119,125
228,140,151
218,218,23
81,94,21
132,246,224
91,223,185
149,159,57
75,3,163
184,78,232
72,25,82
15,84,154
61,43,196
1,100,196
68,13,6
227,8,70
185,115,5
148,77,160
22,143,85
174,116,120
94,43,52
133,208,139
212,7,216
111,162,102
132,81,162
249,4,232
120,245,97
29,254,254
82,28,151
117,244,179
228,119,105
217,89,164
151,209,37
91,83,166
58,123,34
131,170,160
57,29,34
183,193,85
19,127,0
215,155,234
42,21,206
211,172,15
134,39,117
123,33,87
92,1,68
152,68,121
102,49,174
222,162,114
177,137,169
89,194,193
31,36,136
171,165,183
109,253,233
235,35,37
188,191,113
130,224,191
181,193,132
105,109,85
174,56,13
119,47,77
218,163,94
186,127,167
83,214,36
211,117,160
26,206,59
166,233,121
85,128,152
251,53,85
87,120,68
204,181,123
111,135,161
164,160,185
190,145,196
127,249,182
38,57,194
114,215,84
85,217,149
157,238,94
165,162,216
60,159,212
137,111,27
255,69,117
189,3,214
14,190,21
22,103,236
31,67,96
106,109,136
135,208,107
144,124,176
221,171,42
11,20,72
86,11,78
54,137,17
88,198,225
189,36,168
60,166,250
186,105,219
22,238,172
206,18,14
212,31,170
152,142,139
158,146,12
242,199,131
71,30,80
158,173,220
188,233,107
172,233,236
142,127,103
196,56,30
48,106,128
23,51,137
50,31,228
119,3,86
174,32,40
190,230,135
230,51,21
185,237,254
217,16,39
242,108,42
193,242,236
238,161,112
90,118,184
247,182,175
22,234,195
140,175,169
251,133,105
74,26,45
108,212,190
235,168,119
248,167,92
28,234,117
194,79,9
158,84,188
134,177,55
88,83,119
146,87,84
104,137,127
59,34,42
212,178,49
174,251,48
64,99,159
198,104,174
169,139,20
216,171,102
61,224,62
68,250,72
215,186,223
73,190,118
225,5,251
65,84,57
14,143,242
33,250,83
118,98,208
205,149,41
108,107,31
93,191,57
59,179,67
141,43,20
9,158,243
125,52,68
182,29,232
199,196,187
107,185,133
88,76,136
8,47,31
199,181,143
5,128,169
87,251,176
149,56,122
179,205,87
32,208,50
156,246,179
227,162,188
43,209,106
98,232,10
230,33,27
172,88,78
36,16,4
80,205,104
100,15,163
191,222,177
222,135,19
65,68,41
97,23,17
190,117,94
27,199,48
61,58,201
204,25,77
180,247,209
251,93,92
243,45,142
64,107,135
183,82,136
55,53,175
130,107,156
255,166,100
147,99,160
63,145,213
115,8,15
38,95,134
186,148,249
162,18,247
248,107,101
235,134,24
162,150,188
48,91,132
188,214,163
104,98,77
243,214,188
104,157,105
213,212,37
24,58,219
99,233,172
41,215,54
78,237,231
23,45,69
6,24,243
116,74,231
106,95,54
28,175,184
24,149,43
81,227,166
48,118,54
211,122,51
194,8,188
203,18,70
187,104,64
146,230,41
228,240,252
32,6,215
86,161,238
204,160,114
226,29,232
157,149,171
250,75,131
168,151,143
62,224,192
212,35,235
204,112,190
141,122,185
34,197,81
133,88,30
136,159,242
245,218,152
71,193,188
144,19,147
14,123,205
0,143,182
118,82,87
163,53,1
176,88,68
188,87,55
242,211,18
247,184,70
252,73,172
154,51,51
37,116,249
238,87,190
8,145,207
176,25,157
167,75,251
160,159,128
101,244,87
71,247,94
9,65,40
59,203,158
5,51,141
60,147,105
129,172,127
12,24,186
103,234,76
187,239,208
164,234,57
226,3,170
180,240,134
32,187,175
169,246,163
129,219,171
124,62,242
116,91,7
172,160,123
17,100,4
120,21,193
197,20,120
63,30,254
201,16,33
22,191,180
49,206,248
221,125,55
197,108,47
136,23,188
237,192,194
87,87,5
114,204,182
136,193,104
222,205,38
57,176,0
78,113,104
59,180,147
150,190,23
118,219,221
105,173,83
88,177,144
86,119,190
218,247,221
42,40,100
43,6,222
168,12,115
12,0,10
229,77,217
219,116,104
8,67,186
222,79,113
26,140,232
91,166,90
38,116,198
49,146,213
227,143,86
209,224,158
175,243,216
133,235,145
221,156,118
242,63,118
155,194,183
225,104,235
163,249,75
217,37,171
9,134,134
254,11,23
169,107,196
142,61,103
155,196,97
62,156,181
71,15,188
248,154,222
70,25,68
189,166,193
58,125,10
24,118,16
68,20,244
134,204,75
63,250,32
84,160,185
248,202,67
175,59,151
158,63,93
115,227,83
80,139,22
22,105,156
104,62,213
124,187,41
212,61,39
232,222,200
182,61,207
127,21,210
90,148,124
151,240,47
40,203,87
173,229,17
243,16,10
14,45,206
136,41,4
1,170,119
9,87,35
203,34,124
82,62,91
100,247,245
116,196,147
148,75,216
177,167,167
226,33,145
122,3,248
217,2,61
115,145,149
109,143,51
202,177,154
170,84,67
173,21,26
2,205,234
155,107,40
52,1,103
172,240,191
108,210,209
191,19,16
165,115,174
52,253,227
115,118,201
110,79,176
76,213,87
39,79,70
248,124,56
156,27,133
99,26,79
123,24,247
238,78,219
234,142,153
39,3,92
29,218,90
65,170,222
72,50,195
28,59,132
103,49,129
231,207,220
156,166,82
89,208,183
3,220,135
136,187,119
10,81,82
218,53,147
148,53,48
245,68,100
139,66,12
245,95,201
239,245,187
104,129,242
193,116,174
117,128,178
238,60,148
193,59,91
234,230,110
178,161,191
54,147,175
135,114,10
201,67,56
157,14,130
139,122,178
197,45,206
126,216,170
3,133,231
73,224,83
141,112,190
42,13,15
79,47,22
42,15,103
87,154,193
3,72,203
180,168,254
80,187,249
246,211,51
162,32,52
208,123,139
205,98,88
226,67,210
226,202,151
195,144,223
7,35,127
251,34,234
152,102,92
25,77,81
7,227,138
26,185,195
161,219,25
86,161,114
211,224,10
153,27,50
44,154,140
92,22,232
4,169,220
233,191,199
235,169,102
8,197,135
2,253,87
253,224,132
148,116,145
162,55,204
118,3,242
104,102,76
213,63,107
252,130,42
226,134,23
14,251,160
216,192,64
223,240,129
205,186,186
226,217,84
234,86,212
129,213,74
78,16,44
144,24,204
66,80,35
224,194,176
221,143,95
43,26,193
184,163,243
139,26,7
187,92,74
156,216,120
99,85,92
100,145,177
193,49,192
30,212,52
49,248,95
92,140,248
18,148,164
73,141,200
121,57,250
124,46,40
140,132,69
223,60,201
47,177,220
134,122,35
15,61,16
250,233,214
51,54,203
227,56,54
150,251,72
119,35,100
226,213,44
0,165,193
228,151,143
217,208,146
31,39,196
60,93,30
1,145,204
238,197,106
96,225,60
241,5,53
4,205,33
19,73,100
53,72,160
222,199,62
220,234,227
207,91,236
134,136,43
178,3,11
124,65,112
182,239,145
172,166,245
54,228,129
52,18,168
235,92,108
174,12,146
136,54,65
236,163,53
96,71,28
176,110,10
41,118,53
117,218,5
190,240,12
102,120,97
54,32,105
194,228,86
251,57,117
218,17,54
69,108,230
3,108,105
246,3,140
217,77,206
188,213,162
0,1,196
218,224,100
37,228,252
4,182,110
126,243,52
195,149,192
216,245,236
234,67,54
158,236,159
251,37,100
179,189,190
116,66,192
189,183,169
32,71,72
164,66,79
239,13,28
109,38,28
176,83,18
57,33,114
239,150,227
199,165,56
68,70,225
90,240,239
52,219,5
120,9,145
27,98,154
77,84,249
119,208,10
179,85,89
239,153,142
68,174,154
42,127,148
131,220,210
90,33,237
154,229,78
14,47,219
134,126,134
161,48,51
69,14,120
110,105,237
39,238,127
78,181,216
165,56,162
223,232,14
137,190,190
97,12,37
185,32,163
144,77,248
81,173,172
241,95,254
235,165,215
237,163,115
13,245,116
89,155,32
204,172,175
86,18,61
23,119,16
224,21,90
136,84,150
179,183,40
65,121,160
93,138,22
85,99,75
111,235,111
98,215,87
116,232,186
101,123,207
171,92,217
207,188,48
74,75,225
96,224,200
103,9,139
148,21,133
90,246,117
241,14,44
48,224,227
215,37,195
116,16,108
6,15,44
214,114,120
233,237,179
30,33,87
101,185,3
171,177,230
72,148,188
87,159,41
136,74,253
51,3,68
4,138,39
95,20,236
200,114,147
153,241,195
205,250,84
201,38,165
50,120,144
158,213,33
231,150,195
148,167,2
172,234,201
174,127,165
139,125,34
100,100,233
139,19,96
186,33,211
214,154,41
139,182,113
82,144,154
172,147,240
42,170,94
54,181,101
30,219,38
153,202,7
221,180,236
30,11,85
103,169,149
104,133,20
62,58,9
98,5,2
29,204,190
190,178,197
40,86,217
2,253,153
185,205,13
49,133,24
29,122,98
199,71,49
234,120,108
151,67,46
178,158,239
243,87,107
130,155,254
223,124,189
16,164,72
170,195,245
133,195,197
129,127,79
206,3,54
246,62,196
26,148,207
187,8,19
180,107,190
46,51,88
65,239,73
52,111,166
148,35,20
220,163,88
29,172,145
6,102,44
249,212,89
77,231,246
51,184,193
130,83,151
242,41,250
19,138,72
150,165,39
100,204,17
206,25,166
166,110,143
204,136,117
227,169,76
233,105,0
153,203,119
33,187,220
172,239,189
155,32,42
138,127,36
245,90,152
111,244,210
211,107,160
238,126,223
0,106,237
50,112,143
142,117,133
199,81,48
232,132,238
135,198,118
231,208,131
16,216,182
92,179,30
111,171,39
12,164,233
133,208,53
216,218,207
156,94,229
34,67,132
112,196,103
152,111,230
52,118,230
252,76,143
189,40,61
209,217,255
169,118,81
79,163,225
6,188,158
250,142,212
201,236,172
95,243,199
53,248,28
223,29,235
231,194,165
238,170,232
225,206,144
225,241,196
109,16,167
146,5,189
124,208,28
102,248,97
74,70,129
58,129,183
121,98,140
152,91,222
15,121,35
76,218,149
133,248,16
217,162,249
82,137,94
186,123,184
157,152,219
190,121,161
250,172,34
154,99,171
106,119,47
41,184,176
208,195,148
198,142,130
100,38,202
92,113,5
246,18,245
60,179,231
178,39,50
0,97,53
190,79,131
204,68,226
137,139,126
190,218,252
85,130,69
29,228,16
64,126,78
247,44,30
67,200,73
250,88,200
158,92,1
96,147,81
234,15,87
226,134,253
48,161,91
255,5,123
172,214,230
162,24,7
132,38,67
24,34,119
97,31,212
168,67,66
20,220,52
93,104,100
203,187,212
173,22,147
79,6,135
128,150,11
199,69,158
64,221,100
65,85,14
243,116,184
111,250,210
182,57,190
136,120,172
252,7,235
170,241,175
170,92,97
85,133,144
216,214,220
122,162,33
1,126,235
87,183,18
151,176,87
124,227,37
252,119,203
54,102,52
155,229,159
164,227,2
234,216,173
35,94,82
140,64,41
110,66,204
72,171,145
130,16,175
107,246,128
177,115,77
31,141,214
165,185,71
228,46,22
85,53,239
59,136,6
58,202,182
52,184,98
135,140,20
146,206,251
159,240,170
195,247,221
47,93,225
53,227,38
144,52,85
252,163,71
139,82,74
0,43,60
179,151,157
62,106,236
0,183,180
230,40,93
149,240,20
29,234,86
196,198,110
98,184,206
17,116,234
207,251,80
79,117,157
207,197,213
114,233,184
92,156,48
110,2,193
123,43,84
73,14,86
225,251,225
220,64,38
59,48,124
37,92,180
116,188,49
91,15,81
28,211,7
189,227,135
48,39,171
107,230,92
234,70,239
32,173,56
142,113,225
224,23,91
254,94,5
88,87,87
173,211,71
224,251,94
66,49,86
37,72,183
44,204,202
109,142,104
64,107,246
158,243,31
17,235,143
110,164,0
46,252,237
146,95,107
219,214,57
35,86,242
131,64,13
245,183,3
22,238,159
184,235,72
102,238,216
11,32,148
149,160,247
3,171,240
197,114,202
33,180,5
206,17,145
28,90,211
210,163,222
40,117,168
121,20,84
56,237,14
239,61,195
205,233,246
150,148,187
78,202,5
87,45,248
133,229,226
99,248,79
209,197,21
6,231,221
3,41,52
229,168,27
200,147,79
138,16,36
64,177,3
42,116,47
249,45,165
162,29,206
232,74,109
88,187,0
157,155,229
199,195,162
168,57,87
12,113,73
68,210,167
42,94,121
24,54,125
250,30,4
197,56,25
141,124,190
178,167,87
244,220,195
6,203,131
114,43,245
191,213,173
205,171,111
4,29,250
173,173,44
215,66,145
6,58,100
178,20,74
196,26,69
232,120,4
211,227,177
66,1,140
174,81,168
162,203,207
27,29,56
212,46,107
244,103,24
95,16,78
205,71,248
224,152,20
65,81,239
246,178,228
226,253,117
97,165,213
103,255,8
160,219,209
240,178,187
57,176,103
122,230,183
62,5,127
32,176,238
249,242,50
50,188,117
150,93,150
111,24,252
37,205,235
182,27,218
28,125,2
101,147,143
34,137,189
238,20,165
148,29,207
131,110,73
251,249,32
6,181,252
197,199,141
124,123,113
213,74,71
113,164,62
132,12,217
133,73,205
10,219,63
101,102,101
42,183,42
188,221,124
236,6,56
157,72,116
42,187,207
116,187,9
148,140,240
187,109,233
2,116,172
186,183,153
58,240,123
56,124,245
223,89,24
207,78,188
99,160,191
202,231,238
209,76,130
157,134,198
153,21,203
89,242,243
198,217,136
24,67,56
253,35,255
51,178,83
156,122,115
218,79,76
243,82,56
107,227,104
31,233,183
112,216,59
29,113,12
204,158,201
91,112,113
193,157,67
4,231,183
169,149,114
192,238,39
17,241,118
192,113,152
35,204,129
142,154,115
153,232,209
60,26,72
87,155,231
86,75,210
24,39,151
11,155,105
230,110,251
205,153,105
244,181,220
100,181,6
220,186,67
223,111,87
94,199,22
248,198,230
152,156,138
37,175,161
61,212,176
101,194,130
25,138,70
15,141,188
93,102,102
34,49,149
213,148,231
78,209,199
72,197,204
92,137,129
18,180,23
128,177,160
192,180,130
158,80,83
202,206,195
189,55,97
154,62,235
186,165,128
170,14,37
124,215,74
80,80,83
253,151,223
209,185,27
249,170,33
109,64,198
186,133,41
7,137,235
210,21,98
31,145,116
215,254,105
65,245,3
164,119,102
120,252,245
219,178,45
48,48,3
8,27,180
76,229,77
70,95,218
104,228,124
22,81,118
78,8,58
35,137,152
139,232,172
158,69,9
130,1,0
187,106,114
71,115,48
86,161,133
186,248,238
115,89,232
228,179,255
47,189,110
199,169,171
11,174,227
176,223,28
52,136,94
164,59,66
242,48,85
21,187,217
137,248,71
162,118,76
231,17,219
5,122,12
35,119,78
51,212,188
191,127,217
186,234,138
210,28,116
255,130,25
229,205,108
167,36,168
255,140,207
42,231,146
8,139,201
137,248,117
107,56,35
105,21,112
245,75,109
243,201,192
160,200,92
205,28,218
36,59,74
67,67,76
142,105,6
77,156,12
5,161,243
128,97,135
139,235,170
72,162,9
162,82,131
239,75,161
72,119,203
155,162,70
34,243,224
137,49,226
226,75,204
179,95,20
124,50,125
71,62,22
245,194,202
201,111,235
137,157,62
234,142,0
147,181,21
152,157,182
244,108,26
8,107,192
255,193,79
107,94,43
151,59,108
168,1,14
161,47,198
172,76,190
173,14,89
22,131,110
67,8,106
154,220,192
168,228,133
169,234,171
77,254,0
233,43,44
212,81,225
56,113,249
92,116,142
110,57,24
187,38,72
220,71,83
130,84,210
215,165,126
126,93,62
149,229,33
200,180,118
27,3,247
108,225,168
231,198,100
98,193,171
248,111,177
177,128,196
225,166,3
25,106,68
86,226,115
61,204,59
95,11,163
86,236,141
86,237,132
16,51,58
210,110,87
213,198,146
225,213,75
45,239,100
229,5,74
179,120,142
124,163,68
218,22,153
21,245,255
223,64,76
211,183,96
182,234,6
78,233,145
117,166,167
101,98,254
190,143,157
62,175,5
144,191,4
181,252,133
154,218,102
86,55,62
32,131,237
26,162,81
145,65,170
87,208,140
33,121,44
162,152,101
165,133,16
109,206,214
6,202,156
20,160,156
72,75,213
94,239,250
139,221,58
188,160,117
66,225,228
203,173,234
64,221,68
178,76,123
135,251,139
24,229,11
12,161,121
16,76,25
139,115,193
82,239,83
240,177,81
199,183,47
230,107,54
245,27,49
101,65,182
62,18,213
223,186,104
6,120,176
131,57,20
5,87,234
5,187,119
29,81,101
247,196,49
27,54,245
249,97,2
30,14,98
174,197,3
38,236,20
24,86,36
69,241,177
87,113,122
44,153,99
182,49,118
68,62,106
81,206,163
158,94,35
241,36,82
73,59,107
202,3,26
222,76,250
207,214,10
73,77,159
152,4,190
6,28,162
213,15,201
153,208,53
127,117,29
30,9,24
29,90,93
118,189,105
164,191,49
192,192,27
80,31,81
82,196,106
35,95,46
116,112,147
143,41,40
129,245,47
169,75,75
57,85,155
108,151,128
119,236,108
204,204,233
109,63,156
98,227,170
145,164,116
161,108,228
39,214,72
254,53,137
1,69,235
1,24,158
102,116,194
68,52,127
161,21,88
181,9,185
157,76,187
119,34,253
107,244,163
104,185,248
89,217,13
165,119,241
207,124,6
250,243,120
139,53,185
66,183,108
78,167,67
132,148,123
89,86,9
47,43,244
215,166,154
191,124,144
191,251,44
109,126,210
195,74,138
112,212,241
216,150,55
248,68,109
106,56,116
234,131,66
252,90,36
56,173,145
64,126,80
2,140,161
73,212,109
87,113,16
38,173,151
169,212,43
175,38,105
103,104,96
152,89,16
135,222,27
249,137,74
193,255,224
81,219,134
237,235,103
243,170,38
0,157,121
247,211,92
74,4,113
254,117,233
135,226,245
241,130,20
37,113,186
228,196,149
25,156,13
11,144,118
164,32,83
93,185,227
194,152,17
47,236,37
120,209,123
230,63,149
114,127,113
69,59,193
140,18,46
159,55,35
79,166,144
90,209,157
33,188,201
207,117,241
143,173,133
174,192,208
85,78,26
202,47,194
1,26,221
139,214,139
187,133,108
22,112,33
176,98,37
197,166,52
209,93,171
240,18,147
76,140,53
157,46,41
247,53,197
250,202,158
3,187,107
226,229,188
43,123,191
105,253,221
70,92,131
55,254,168
130,21,178
107,26,29
247,197,106
1,108,110
60,191,5
142,212,155
230,70,205
94,105,80
162,80,133
157,228,241
221,98,193
137,247,159
226,102,62
56,43,228
170,53,198
55,127,8
229,46,134
203,112,146
29,104,2
5,235,109
92,45,80
220,57,18
158,232,5
83,27,138
182,15,10
47,72,52
159,179,101
112,39,92
232,64,182
142,143,229
84,157,59
18,216,95
215,110,82
191,168,48
19,165,236
125,254,99
85,170,35
161,121,90
221,88,173
70,76,220
43,251,91
117,156,139
219,28,221
230,103,250
25,158,61
100,153,191
58,198,155
231,201,167
97,73,61
52,165,205
24,214,99
155,107,74
71,73,89
221,206,122
52,242,48
59,212,248
138,168,168
78,132,174
5,8,236
146,150,185
91,28,23
195,135,177
123,165,160
184,150,212
171,0,241
122,103,34
105,65,3
114,30,62
149,131,197
14,159,118
31,143,168
74,145,88
158,117,175
211,87,141
200,56,254
142,37,241
195,194,213
199,15,72
69,182,33
59,144,182
0,225,28
7,151,34
149,200,87
239,92,255
108,30,167
179,16,251
182,222,210
206,198,154
85,46,194
76,196,204
100,215,12
105,49,18
247,1,96
70,118,71
96,184,224
50,152,123
34,46,246
61,85,34
253,103,88
247,254,104
186,40,64
13,238,82
204,191,164
77,155,84
67,206,126
185,85,140
157,236,172
46,145,88
131,9,85
155,25,206
88,193,81
30,233,176
155,45,174
22,245,22
253,93,210
153,108,158
191,143,79
115,11,3
181,205,25
151,7,147
178,69,130
233,195,171
79,186,107
49,253,134
35,222,190
245,34,233
23,38,63
91,102,68
85,171,45
197,145,224
108,137,108
97,117,90
203,151,30
34,31,21
132,152,125
171,242,73
146,182,106
157,134,184
43,35,228
7,42,232
163,237,131
212,191,143
8,254,50
102,163,31
224,100,102
17,34,54
118,99,58
217,255,208
21,70,96
94,213,17
113,211,40
212,15,206
99,124,98
40,53,99
162,30,110
8,56,13
204,191,197
174,126,179
215,16,17
223,235,177
19,175,172
58,73,94
100,92,139
19,71,245
39,62,228
250,130,73
239,125,230
201,113,129
122,109,90
73,132,108
220,197,68
95,85,53
242,249,158
206,87,75
18,4,136
169,100,55
56,64,49
240,123,52
149,122,122
203,212,51
157,115,146
121,159,226
251,185,131
79,34,14
60,158,17
190,177,168
57,83,237
176,246,255
160,245,249
150,164,174
252,193,60
72,244,49
234,58,47
96,20,138
149,189,103
133,226,219
58,197,51
33,181,98
25,105,93
128,175,156
160,120,203
250,60,165
143,59,42
81,75,133
197,92,166
147,238,105
125,184,61
217,163,20
137,108,164
78,91,224
57,139,230
3,80,216
112,40,110
53,156,250
24,237,223
29,50,13
231,136,97
236,190,28
140,232,220
70,45,218
74,222,151
217,27,34
139,5,140
146,178,167
20,134,225
174,199,169
112,92,139
213,255,184
64,213,226
239,170,91
233,250,238
221,162,210
247,52,226
255,202,123
36,224,91
166,164,87
237,168,0
170,73,79
177,169,163
192,35,24
117,66,164
50,122,9
198,61,229
139,105,77
71,75,40
132,125,92
86,100,119
250,149,48
163,158,194
29,7,118
165,77,22
120,232,70
127,212,59
224,221,81
55,52,185
212,33,196
28,115,245
255,143,194
190,222,196
148,65,116
65,107,57
2,225,223
124,141,213
249,214,152
214,178,122
23,83,50
156,249,118
1,197,19
180,163,206
188,69,10
40,89,128
17,206,85
206,152,57
193,249,140
19,47,249
5,178,3
57,96,199
181,159,89
188,188,141
99,151,233
154,119,0
25,201,217
103,203,164
87,20,40
40,68,192
252,235,49
180,230,58
4,60,95
92,69,115
254,29,243
228,217,231
41,200,148
227,184,110
177,156,100
60,154,198
56,11,29
84,121,86
206,99,186
61,49,25
68,8,157
20,208,128
214,186,97
242,67,204
194,182,162
235,205,189
36,184,0
42,14,130
243,236,100
60,26,87
77,51,159
154,68,102
180,242,232
106,248,181
242,210,114
30,216,44
15,1,58
48,125,75
8,93,68
98,19,43
215,129,167
156,175,254
171,119,85
119,36,129
66,87,87
2,105,192
1,136,215
